OP CODE,OP TYPE,GLOBAL CALL COUNT,DEVICE ID,ATTRIBUTES,MATH FIDELITY,CORE COUNT,PARALLELIZATION STRATEGY,HOST START TS,HOST END TS,HOST DURATION [ns],DEVICE FW START CYCLE,DEVICE FW END CYCLE,OP TO OP LATENCY [ns],OP TO OP LATENCY BR/NRISC START [ns],DEVICE FW DURATION [ns],DEVICE KERNEL DURATION [ns],DEVICE KERNEL DURATION DM START [ns],DEVICE KERNEL DURATION PER CORE MIN [ns],DEVICE KERNEL DURATION PER CORE MAX [ns],DEVICE KERNEL DURATION PER CORE AVG [ns],DEVICE KERNEL FIRST TO LAST START [ns],DEVICE BRISC KERNEL DURATION [ns],DEVICE NCRISC KERNEL DURATION [ns],DEVICE TRISC0 KERNEL DURATION [ns],DEVICE TRISC1 KERNEL DURATION [ns],DEVICE TRISC2 KERNEL DURATION [ns],DEVICE ERISC KERNEL DURATION [ns],DEVICE COMPUTE CB WAIT FRONT [ns],DEVICE COMPUTE CB RESERVE BACK [ns],DISPATCH TOTAL CQ CMD OP TIME [ns],DISPATCH GO SEND WAIT TIME [ns],INPUT_0_W_PAD[LOGICAL],INPUT_0_Z_PAD[LOGICAL],INPUT_0_Y_PAD[LOGICAL],INPUT_0_X_PAD[LOGICAL],INPUT_0_LAYOUT,INPUT_0_DATATYPE,INPUT_0_MEMORY,INPUT_1_W_PAD[LOGICAL],INPUT_1_Z_PAD[LOGICAL],INPUT_1_Y_PAD[LOGICAL],INPUT_1_X_PAD[LOGICAL],INPUT_1_LAYOUT,INPUT_1_DATATYPE,INPUT_1_MEMORY,OUTPUT_0_W_PAD[LOGICAL],OUTPUT_0_Z_PAD[LOGICAL],OUTPUT_0_Y_PAD[LOGICAL],OUTPUT_0_X_PAD[LOGICAL],OUTPUT_0_LAYOUT,OUTPUT_0_DATATYPE,OUTPUT_0_MEMORY,METAL TRACE ID,METAL TRACE REPLAY SESSION ID,COMPUTE KERNEL SOURCE,COMPUTE KERNEL HASH,DATA MOVEMENT KERNEL SOURCE,DATA MOVEMENT KERNEL HASH,TENSIX DM 0 MAX KERNEL SIZE [B],TENSIX DM 1 MAX KERNEL SIZE [B],TENSIX COMPUTE 0 MAX KERNEL SIZE [B],TENSIX COMPUTE 1 MAX KERNEL SIZE [B],TENSIX COMPUTE 2 MAX KERNEL SIZE [B],ACTIVE ETH DM 0 MAX KERNEL SIZE [B],ACTIVE ETH DM 1 MAX KERNEL SIZE [B],IDLE ETH DM 0 MAX KERNEL SIZE [B],IDLE ETH DM 1 MAX KERNEL SIZE [B],PM IDEAL [ns],PM COMPUTE [ns],PM BANDWIDTH [ns],PM REQ I BW,PM REQ O BW,PM FPU UTIL (%),NOC UTIL (%),DRAM BW UTIL (%),NPE CONG IMPACT (%),SFPU Util Min (%),SFPU Util Median (%),SFPU Util Max (%),Avg SFPU util on full grid (%),FPU Util Min (%),FPU Util Median (%),FPU Util Max (%),Avg FPU util on full grid (%),MATH Util Min (%),MATH Util Median (%),MATH Util Max (%),Avg Math util on full grid (%)
Matmul,tt_dnn_device,1024,0,{'bcast_batch': '1'; 'compute_kernel_config': 'WormholeComputeKernelConfig(math_fidelity=HiFi2;math_approx_mode=0;fp32_dest_acc_en=0;packer_l1_acc=1;dst_full_sync_en=0;throttle_level=ThrottleLevel::NO_THROTTLE)'; 'global_cb': 'std::nullopt'; 'output_dtype': 'DataType::BFLOAT16'; 'output_mem_config': 'MemoryConfig(memory_layout=TensorMemoryLayout::INTERLEAVED;buffer_type=BufferType::DRAM;shard_spec=std::nullopt;nd_shard_spec=std::nullopt;created_with_nd_shard_spec=0)'; 'output_tile': 'Tile(tile_shape={32; 32};face_shape={16; 16};num_faces=4)'; 'program_config': 'std::nullopt'; 'sub_device_id': 'std::nullopt'; 'transpose_a': 'false'; 'transpose_b': 'false'; 'untilize_out': 'false'; 'user_core_coord': 'std::nullopt'; 'user_fused_activation': 'std::nullopt'; 'user_run_batched': 'false'},HiFi2,24,,55256046638,55256363085,316447,9373554113937,9373554526314,0,0,412377,411088,411058,403222,411034,407106,604,411048,400041,400575,401133,401270,,,,,,1[1],8[8],224[224],768[768],TILE,BFLOAT16,DEV_1_DRAM_INTERLEAVED,1[1],1[1],768[768],768[768],TILE,BFLOAT16,DEV_1_DRAM_INTERLEAVED,1[1],8[8],224[224],768[768],TILE,BFLOAT16,DEV_1_DRAM_INTERLEAVED,,,['ttnn/cpp/ttnn/operations/matmul/device/kernels/compute/bmm_large_block_zm_fused_bias_activation.cpp'],['bmm_large_block_zm_fused_bias_activation/17307000190065207660/'],['ttnn/cpp/ttnn/operations/matmul/device/kernels/dataflow/reader_bmm_tile_layout_in1_sender_writer_padding.cpp'; 'ttnn/cpp/ttnn/operations/matmul/device/kernels/dataflow/reader_bmm_tile_layout_in0_receiver.cpp'; 'ttnn/cpp/ttnn/operations/matmul/device/kernels/dataflow/reader_bmm_tile_layout_in0_sender_padding.cpp'],['reader_bmm_tile_layout_in1_sender_writer_padding/15496700389977135959/'; 'reader_bmm_tile_layout_in0_receiver/16332755182888053066/'; 'reader_bmm_tile_layout_in0_sender_padding/1353852039015946816/'],4468,3840,2396,1740,3292,0,0,0,0,16128,16128,9935,[170.6666717529297; 73.14286041259766],[170.6666717529297],3.923,,,,,,,,,,,,,,,
BinaryNgDeviceOperation,tt_dnn_device,2048,0,{'binary_op_type': 'BinaryOpType::ADD'; 'compute_kernel_config': 'std::nullopt'; 'dtype': 'DataType::BFLOAT16'; 'input_dtype': 'DataType::BFLOAT16'; 'is_quant_op': 'false'; 'is_sfpu': 'false'; 'is_where_op': 'false'; 'lhs_activations': 'SmallVector([])'; 'memory_config': 'MemoryConfig(memory_layout=TensorMemoryLayout::INTERLEAVED;buffer_type=BufferType::DRAM;shard_spec=std::nullopt;nd_shard_spec=std::nullopt;created_with_nd_shard_spec=0)'; 'post_activations': 'SmallVector([])'; 'rhs_activations': 'SmallVector([])'; 'scalar': 'std::nullopt'; 'sub_core_grids': 'std::nullopt'; 'subtile_broadcast_type': 'SubtileBroadcastType::ROW_B'; 'worker_grid': '{[(x=0;y=0) - (x=7;y=7)]}'},HiFi4,64,,59357404842,59357726970,322128,9377595995309,9377596040820,4041469722,4041470248,45511,44789,44263,35208,44637,40806,837,44252,42957,43694,43575,43533,,,,,,1[1],8[8],224[224],768[768],TILE,BFLOAT16,DEV_1_DRAM_INTERLEAVED,1[1],1[1],32[1],768[768],TILE,BFLOAT16,DEV_1_DRAM_INTERLEAVED,1[1],8[8],224[224],768[768],TILE,BFLOAT16,DEV_1_DRAM_INTERLEAVED,,,['ttnn/cpp/ttnn/operations/eltwise/binary_ng/device/kernels_ng/compute/eltwise_binary_row_bcast.cpp'],['eltwise_binary_row_bcast/8680638463500506561/'],['ttnn/cpp/ttnn/operations/eltwise/binary_ng/device/kernels_ng/dataflow/reader_interleaved_row_bcast.cpp'; 'ttnn/cpp/ttnn/operations/eltwise/binary_ng/device/kernels_ng/dataflow/writer_interleaved_no_bcast.cpp'],['reader_interleaved_row_bcast/10685701610360740093/'; 'writer_interleaved_no_bcast/4720918955221599037/'],2892,4148,1952,888,2924,0,0,0,0,1,1,1,[],[],0.002,,,,,,,,,,,,,,,
Untilize,tt_dnn_device,3072,0,{'enough_space_height': 'true'; 'enough_space_width': 'true'; 'fp32_dest_acc_en': 'false'; 'output_mem_config': 'MemoryConfig(memory_layout=TensorMemoryLayout::INTERLEAVED;buffer_type=BufferType::DRAM;shard_spec=std::nullopt;nd_shard_spec=std::nullopt;created_with_nd_shard_spec=0)'; 'pf_type': '2'; 'sub_core_grids': 'std::nullopt'; 'use_multicore': 'true'; 'use_pack_untilize': 'true'},HiFi4,56,,63421612484,63421799112,186628,9381601265136,9381601309555,4005225012,4005225356,44419,43733,43389,21672,43676,36160,507,43384,32474,32980,32956,33731,,,,,,1[1],8[8],224[224],768[768],TILE,BFLOAT16,DEV_1_DRAM_INTERLEAVED,,,,,,,,1[1],8[8],224[224],768[768],ROW_MAJOR,BFLOAT16,DEV_1_DRAM_INTERLEAVED,,,['ttnn/cpp/ttnn/operations/data_movement/untilize/device/kernels/compute/pack_untilize_variable_num_blocks.cpp'],['pack_untilize_variable_num_blocks/6213853648468263887/'],['ttnn/cpp/ttnn/operations/data_movement/untilize/device/kernels/dataflow/writer_unary_stick_layout_split_rows_multi_core.cpp'; 'ttnn/cpp/ttnn/operations/data_movement/untilize/device/kernels/dataflow/reader_unary_start_id.cpp'],['writer_unary_stick_layout_split_rows_multi_core/12736894628218418484/'; 'reader_unary_start_id/2941874247746614049/'],2520,2204,1216,1108,3324,0,0,0,0,19822,19822,9935,[138.86146545410156],[138.86146545410156],45.325,,,,,,,,,,,,,,,
ReshapeDeviceOperation,tt_dnn_device,4096,0,{'logical_output_shape': 'Shape([21504; 64])'; 'output_mem_config': 'MemoryConfig(memory_layout=TensorMemoryLayout::INTERLEAVED;buffer_type=BufferType::DRAM;shard_spec=std::nullopt;nd_shard_spec=std::nullopt;created_with_nd_shard_spec=0)'; 'padded_output_shape': 'Shape([21504; 64])'; 'recreate_mapping_tensor': 'false'; 'sub_core_grid': 'std::nullopt'},,64,,67516036664,67516185332,148668,9385636315313,9385636419138,4035006981,4035006981,103825,102597,102597,93955,102465,98549,199,101373,102590,,,,,,,,,1[1],1[1],1792[1792],768[768],ROW_MAJOR,BFLOAT16,DEV_1_DRAM_INTERLEAVED,,,,,,,,1[1],1[1],21504[21504],64[64],ROW_MAJOR,BFLOAT16,DEV_1_DRAM_INTERLEAVED,,,[],[],['ttnn/cpp/ttnn/operations/data_movement/reshape_view/device/device/rm_reshape_interleaved.cpp'; 'ttnn/cpp/ttnn/operations/data_movement/reshape_view/device/device/rm_reshape_interleaved.cpp'],['rm_reshape_interleaved/7255166150921104525/'; 'rm_reshape_interleaved/8112680045356936627/'],4404,4532,0,0,0,0,0,0,0,1,1,1,[],[],0.001,,,,,,,,,,,,,,,
TilizeWithValPadding,tt_dnn_device,5120,0,{'enough_space_height': 'true'; 'enough_space_width': 'true'; 'output_dtype': 'DataType::BFLOAT16'; 'output_mem_config': 'MemoryConfig(memory_layout=TensorMemoryLayout::INTERLEAVED;buffer_type=BufferType::DRAM;shard_spec=std::nullopt;nd_shard_spec=std::nullopt;created_with_nd_shard_spec=0)'; 'output_padded_shape': 'Shape([8; 224; 32; 64])'; 'pad_value': '0'; 'sub_core_grids': 'std::nullopt'; 'use_multicore': 'true'},HiFi4,64,,71538997485,71539152283,154798,9389600941393,9389601214977,3964522936,3964523367,273584,272897,272466,258386,272845,267538,661,272434,270976,271389,261950,271354,,,,,,8[8],224[224],12[12],64[64],ROW_MAJOR,BFLOAT16,DEV_1_DRAM_INTERLEAVED,,,,,,,,8[8],224[224],32[12],64[64],TILE,BFLOAT16,DEV_1_DRAM_INTERLEAVED,,,['ttnn/cpp/ttnn/deprecated/tt_dnn/kernels/compute/tilize.cpp'],['tilize/3745748624103931373/'],['ttnn/cpp/ttnn/operations/eltwise/unary/device/kernels/dataflow/writer_unary_interleaved_start_id.cpp'; 'ttnn/cpp/ttnn/operations/data_movement/tilize_with_val_padding/device/kernels/dataflow/reader_unary_pad_dims_split_rows_multicore.cpp'],['writer_unary_interleaved_start_id/10403724142526214686/'; 'reader_unary_pad_dims_split_rows_multicore/10472733647114444138/'],2452,3076,1140,636,1492,0,0,0,0,105151,105151,26495,[26.176755905151367],[69.80467987060547],38.531,,,,,,,,,,,,,,,
TransposeDeviceOperation,tt_dnn_device,6144,0,{'dim': 'TransposeOpDim::HC'; 'output_mem_config': 'MemoryConfig(memory_layout=TensorMemoryLayout::INTERLEAVED;buffer_type=BufferType::DRAM;shard_spec=std::nullopt;nd_shard_spec=std::nullopt;created_with_nd_shard_spec=0)'; 'pad_value': '0'},,64,,75527966197,75528144426,178229,9393532063526,9393532246412,3930849562,3930849562,182886,181880,181880,176432,181842,179162,205,181867,176524,,,,,,,,,8[8],224[224],32[12],64[64],TILE,BFLOAT16,DEV_1_DRAM_INTERLEAVED,,,,,,,,8[8],12[12],224[224],64[64],TILE,BFLOAT16,DEV_1_DRAM_INTERLEAVED,,,[],[],['ttnn/cpp/ttnn/operations/data_movement/transpose/device/kernels/dataflow/writer_unary_transpose_hc_interleaved_tiled_padding_aware.cpp'; 'ttnn/cpp/ttnn/operations/data_movement/transpose/device/kernels/dataflow/reader_unary_transpose_hc_interleaved_tiled_padding_aware.cpp'],['writer_unary_transpose_hc_interleaved_tiled_padding_aware/15766892543516835310/'; 'reader_unary_transpose_hc_interleaved_tiled_padding_aware/3914810525391645875/'],2416,2436,0,0,0,0,0,0,0,35969,35969,26495,[204.0655059814453],[76.5245590209961],19.776,,,,,,,,,,,,,,,
Matmul,tt_dnn_device,7168,0,{'bcast_batch': '1'; 'compute_kernel_config': 'WormholeComputeKernelConfig(math_fidelity=HiFi2;math_approx_mode=0;fp32_dest_acc_en=0;packer_l1_acc=1;dst_full_sync_en=0;throttle_level=ThrottleLevel::NO_THROTTLE)'; 'global_cb': 'std::nullopt'; 'output_dtype': 'DataType::BFLOAT16'; 'output_mem_config': 'MemoryConfig(memory_layout=TensorMemoryLayout::INTERLEAVED;buffer_type=BufferType::DRAM;shard_spec=std::nullopt;nd_shard_spec=std::nullopt;created_with_nd_shard_spec=0)'; 'output_tile': 'Tile(tile_shape={32; 32};face_shape={16; 16};num_faces=4)'; 'program_config': 'std::nullopt'; 'sub_device_id': 'std::nullopt'; 'transpose_a': 'false'; 'transpose_b': 'false'; 'untilize_out': 'false'; 'user_core_coord': 'std::nullopt'; 'user_fused_activation': 'std::nullopt'; 'user_run_batched': 'false'},HiFi2,24,,75641527350,75641547010,19660,9393643979648,9393644392274,111734660,111734665,412626,411190,411185,403660,411163,407465,468,411151,400520,401028,401574,401713,,,,,,1[1],8[8],224[224],768[768],TILE,BFLOAT16,DEV_1_DRAM_INTERLEAVED,1[1],1[1],768[768],768[768],TILE,BFLOAT16,DEV_1_DRAM_INTERLEAVED,1[1],8[8],224[224],768[768],TILE,BFLOAT16,DEV_1_DRAM_INTERLEAVED,,,['ttnn/cpp/ttnn/operations/matmul/device/kernels/compute/bmm_large_block_zm_fused_bias_activation.cpp'],['bmm_large_block_zm_fused_bias_activation/17307000190065207660/'],['ttnn/cpp/ttnn/operations/matmul/device/kernels/dataflow/reader_bmm_tile_layout_in1_sender_writer_padding.cpp'; 'ttnn/cpp/ttnn/operations/matmul/device/kernels/dataflow/reader_bmm_tile_layout_in0_receiver.cpp'; 'ttnn/cpp/ttnn/operations/matmul/device/kernels/dataflow/reader_bmm_tile_layout_in0_sender_padding.cpp'],['reader_bmm_tile_layout_in1_sender_writer_padding/15496700389977135959/'; 'reader_bmm_tile_layout_in0_receiver/16332755182888053066/'; 'reader_bmm_tile_layout_in0_sender_padding/1353852039015946816/'],4468,3840,2396,1740,3292,0,0,0,0,16128,16128,9935,[170.6666717529297; 73.14286041259766],[170.6666717529297],3.922,,,,,,,,,,,,,,,
BinaryNgDeviceOperation,tt_dnn_device,8192,0,{'binary_op_type': 'BinaryOpType::ADD'; 'compute_kernel_config': 'std::nullopt'; 'dtype': 'DataType::BFLOAT16'; 'input_dtype': 'DataType::BFLOAT16'; 'is_quant_op': 'false'; 'is_sfpu': 'false'; 'is_where_op': 'false'; 'lhs_activations': 'SmallVector([])'; 'memory_config': 'MemoryConfig(memory_layout=TensorMemoryLayout::INTERLEAVED;buffer_type=BufferType::DRAM;shard_spec=std::nullopt;nd_shard_spec=std::nullopt;created_with_nd_shard_spec=0)'; 'post_activations': 'SmallVector([])'; 'rhs_activations': 'SmallVector([])'; 'scalar': 'std::nullopt'; 'sub_core_grids': 'std::nullopt'; 'subtile_broadcast_type': 'SubtileBroadcastType::ROW_B'; 'worker_grid': '{[(x=0;y=0) - (x=7;y=7)]}'},HiFi4,64,,75742436803,75742449313,12510,9393743423722,9393743469313,99032127,99032709,45591,44914,44332,33617,44801,40528,792,44321,43210,43955,43884,43784,,,,,,1[1],8[8],224[224],768[768],TILE,BFLOAT16,DEV_1_DRAM_INTERLEAVED,1[1],1[1],32[1],768[768],TILE,BFLOAT16,DEV_1_DRAM_INTERLEAVED,1[1],8[8],224[224],768[768],TILE,BFLOAT16,DEV_1_DRAM_INTERLEAVED,,,['ttnn/cpp/ttnn/operations/eltwise/binary_ng/device/kernels_ng/compute/eltwise_binary_row_bcast.cpp'],['eltwise_binary_row_bcast/8680638463500506561/'],['ttnn/cpp/ttnn/operations/eltwise/binary_ng/device/kernels_ng/dataflow/reader_interleaved_row_bcast.cpp'; 'ttnn/cpp/ttnn/operations/eltwise/binary_ng/device/kernels_ng/dataflow/writer_interleaved_no_bcast.cpp'],['reader_interleaved_row_bcast/10685701610360740093/'; 'writer_interleaved_no_bcast/4720918955221599037/'],2892,4148,1952,888,2924,0,0,0,0,1,1,1,[],[],0.002,,,,,,,,,,,,,,,
Untilize,tt_dnn_device,9216,0,{'enough_space_height': 'true'; 'enough_space_width': 'true'; 'fp32_dest_acc_en': 'false'; 'output_mem_config': 'MemoryConfig(memory_layout=TensorMemoryLayout::INTERLEAVED;buffer_type=BufferType::DRAM;shard_spec=std::nullopt;nd_shard_spec=std::nullopt;created_with_nd_shard_spec=0)'; 'pf_type': '2'; 'sub_core_grids': 'std::nullopt'; 'use_multicore': 'true'; 'use_pack_untilize': 'true'},HiFi4,56,,75831067205,75831072135,4930,9393830767604,9393830811090,87298981,87299324,43486,42811,42468,21413,42712,35342,545,42462,31294,31813,31778,32550,,,,,,1[1],8[8],224[224],768[768],TILE,BFLOAT16,DEV_1_DRAM_INTERLEAVED,,,,,,,,1[1],8[8],224[224],768[768],ROW_MAJOR,BFLOAT16,DEV_1_DRAM_INTERLEAVED,,,['ttnn/cpp/ttnn/operations/data_movement/untilize/device/kernels/compute/pack_untilize_variable_num_blocks.cpp'],['pack_untilize_variable_num_blocks/6213853648468263887/'],['ttnn/cpp/ttnn/operations/data_movement/untilize/device/kernels/dataflow/writer_unary_stick_layout_split_rows_multi_core.cpp'; 'ttnn/cpp/ttnn/operations/data_movement/untilize/device/kernels/dataflow/reader_unary_start_id.cpp'],['writer_unary_stick_layout_split_rows_multi_core/12736894628218418484/'; 'reader_unary_start_id/2941874247746614049/'],2520,2204,1216,1108,3324,0,0,0,0,19822,19822,9935,[138.86146545410156],[138.86146545410156],46.301,,,,,,,,,,,,,,,
ReshapeDeviceOperation,tt_dnn_device,10240,0,{'logical_output_shape': 'Shape([21504; 64])'; 'output_mem_config': 'MemoryConfig(memory_layout=TensorMemoryLayout::INTERLEAVED;buffer_type=BufferType::DRAM;shard_spec=std::nullopt;nd_shard_spec=std::nullopt;created_with_nd_shard_spec=0)'; 'padded_output_shape': 'Shape([21504; 64])'; 'recreate_mapping_tensor': 'false'; 'sub_core_grid': 'std::nullopt'},,64,,75917940171,75917946051,5880,9393916382669,9393916486693,85572796,85572796,104024,102792,102792,93876,102716,99117,209,100789,102787,,,,,,,,,1[1],1[1],1792[1792],768[768],ROW_MAJOR,BFLOAT16,DEV_1_DRAM_INTERLEAVED,,,,,,,,1[1],1[1],21504[21504],64[64],ROW_MAJOR,BFLOAT16,DEV_1_DRAM_INTERLEAVED,,,[],[],['ttnn/cpp/ttnn/operations/data_movement/reshape_view/device/device/rm_reshape_interleaved.cpp'; 'ttnn/cpp/ttnn/operations/data_movement/reshape_view/device/device/rm_reshape_interleaved.cpp'],['rm_reshape_interleaved/7255166150921104525/'; 'rm_reshape_interleaved/8112680045356936627/'],4404,4532,0,0,0,0,0,0,0,1,1,1,[],[],0.001,,,,,,,,,,,,,,,
TilizeWithValPadding,tt_dnn_device,11264,0,{'enough_space_height': 'true'; 'enough_space_width': 'true'; 'output_dtype': 'DataType::BFLOAT16'; 'output_mem_config': 'MemoryConfig(memory_layout=TensorMemoryLayout::INTERLEAVED;buffer_type=BufferType::DRAM;shard_spec=std::nullopt;nd_shard_spec=std::nullopt;created_with_nd_shard_spec=0)'; 'output_padded_shape': 'Shape([8; 224; 32; 64])'; 'pad_value': '0'; 'sub_core_grids': 'std::nullopt'; 'use_multicore': 'true'},HiFi4,64,,76009623998,76009628378,4380,9394006736170,9394007012189,90250157,90250596,276019,275347,274908,262819,275282,271648,689,274868,273312,273720,264903,273689,,,,,,8[8],224[224],12[12],64[64],ROW_MAJOR,BFLOAT16,DEV_1_DRAM_INTERLEAVED,,,,,,,,8[8],224[224],32[12],64[64],TILE,BFLOAT16,DEV_1_DRAM_INTERLEAVED,,,['ttnn/cpp/ttnn/deprecated/tt_dnn/kernels/compute/tilize.cpp'],['tilize/3745748624103931373/'],['ttnn/cpp/ttnn/operations/eltwise/unary/device/kernels/dataflow/writer_unary_interleaved_start_id.cpp'; 'ttnn/cpp/ttnn/operations/data_movement/tilize_with_val_padding/device/kernels/dataflow/reader_unary_pad_dims_split_rows_multicore.cpp'],['writer_unary_interleaved_start_id/10403724142526214686/'; 'reader_unary_pad_dims_split_rows_multicore/10472733647114444138/'],2452,3076,1140,636,1492,0,0,0,0,105151,105151,26495,[26.176755905151367],[69.80467987060547],38.189,,,,,,,,,,,,,,,
PermuteDeviceOperation,tt_dnn_device,12288,0,{'dims': 'SmallVector([0; 2; 3; 1])'; 'output_mem_config': 'MemoryConfig(memory_layout=TensorMemoryLayout::INTERLEAVED;buffer_type=BufferType::DRAM;shard_spec=std::nullopt;nd_shard_spec=std::nullopt;created_with_nd_shard_spec=0)'; 'pad_value': '0'},HiFi4,64,,80232274983,80232446642,171659,9398168151822,9398168368746,4161140316,4161140701,216924,216241,215856,158076,216152,189635,705,215830,182391,195864,189449,202718,,,,,,8[8],224[224],32[12],64[64],TILE,BFLOAT16,DEV_1_DRAM_INTERLEAVED,,,,,,,,8[8],12[12],64[64],224[224],TILE,BFLOAT16,DEV_1_DRAM_INTERLEAVED,,,['ttnn/cpp/ttnn/operations/data_movement/permute/device/kernels/compute/transpose_xw_tiled.cpp'],['transpose_xw_tiled/11322039518759673601/'],['ttnn/cpp/ttnn/operations/data_movement/permute/device/kernels/dataflow/writer_permute_interleaved_tiled_generic.cpp'; 'ttnn/cpp/ttnn/operations/data_movement/permute/device/kernels/dataflow/reader_permute_interleaved_tiled_generic.cpp'],['writer_permute_interleaved_tiled_generic/13605809499913273919/'; 'reader_permute_interleaved_tiled_generic/9020320955278516165/'],2608,2624,1788,920,3392,0,0,0,0,35969,35969,26495,[204.0655059814453],[76.5245590209961],16.634,,,,,,,,,,,,,,,
Matmul,tt_dnn_device,13312,0,{'bcast_batch': '1'; 'compute_kernel_config': 'WormholeComputeKernelConfig(math_fidelity=HiFi2;math_approx_mode=0;fp32_dest_acc_en=0;packer_l1_acc=1;dst_full_sync_en=0;throttle_level=ThrottleLevel::NO_THROTTLE)'; 'global_cb': 'std::nullopt'; 'output_dtype': 'DataType::BFLOAT16'; 'output_mem_config': 'MemoryConfig(memory_layout=TensorMemoryLayout::INTERLEAVED;buffer_type=BufferType::DRAM;shard_spec=std::nullopt;nd_shard_spec=std::nullopt;created_with_nd_shard_spec=0)'; 'output_tile': 'Tile(tile_shape={32; 32};face_shape={16; 16};num_faces=4)'; 'program_config': 'std::nullopt'; 'sub_device_id': 'std::nullopt'; 'transpose_a': 'false'; 'transpose_b': 'false'; 'untilize_out': 'false'; 'user_core_coord': 'std::nullopt'; 'user_fused_activation': 'std::nullopt'; 'user_run_batched': 'false'},HiFi2,24,,80347829450,80347838190,8740,9398282034444,9398282446974,113667111,113667111,412530,411105,411105,403968,411069,407719,470,411084,400785,401269,401832,401974,,,,,,1[1],8[8],224[224],768[768],TILE,BFLOAT16,DEV_1_DRAM_INTERLEAVED,1[1],1[1],768[768],768[768],TILE,BFLOAT16,DEV_1_DRAM_INTERLEAVED,1[1],8[8],224[224],768[768],TILE,BFLOAT16,DEV_1_DRAM_INTERLEAVED,,,['ttnn/cpp/ttnn/operations/matmul/device/kernels/compute/bmm_large_block_zm_fused_bias_activation.cpp'],['bmm_large_block_zm_fused_bias_activation/17307000190065207660/'],['ttnn/cpp/ttnn/operations/matmul/device/kernels/dataflow/reader_bmm_tile_layout_in1_sender_writer_padding.cpp'; 'ttnn/cpp/ttnn/operations/matmul/device/kernels/dataflow/reader_bmm_tile_layout_in0_receiver.cpp'; 'ttnn/cpp/ttnn/operations/matmul/device/kernels/dataflow/reader_bmm_tile_layout_in0_sender_padding.cpp'],['reader_bmm_tile_layout_in1_sender_writer_padding/15496700389977135959/'; 'reader_bmm_tile_layout_in0_receiver/16332755182888053066/'; 'reader_bmm_tile_layout_in0_sender_padding/1353852039015946816/'],4468,3840,2396,1740,3292,0,0,0,0,16128,16128,9935,[170.6666717529297; 73.14286041259766],[170.6666717529297],3.923,,,,,,,,,,,,,,,
BinaryNgDeviceOperation,tt_dnn_device,14336,0,{'binary_op_type': 'BinaryOpType::ADD'; 'compute_kernel_config': 'std::nullopt'; 'dtype': 'DataType::BFLOAT16'; 'input_dtype': 'DataType::BFLOAT16'; 'is_quant_op': 'false'; 'is_sfpu': 'false'; 'is_where_op': 'false'; 'lhs_activations': 'SmallVector([])'; 'memory_config': 'MemoryConfig(memory_layout=TensorMemoryLayout::INTERLEAVED;buffer_type=BufferType::DRAM;shard_spec=std::nullopt;nd_shard_spec=std::nullopt;created_with_nd_shard_spec=0)'; 'post_activations': 'SmallVector([])'; 'rhs_activations': 'SmallVector([])'; 'scalar': 'std::nullopt'; 'sub_core_grids': 'std::nullopt'; 'subtile_broadcast_type': 'SubtileBroadcastType::ROW_B'; 'worker_grid': '{[(x=0;y=0) - (x=7;y=7)]}'},HiFi4,64,,80443332657,80443342627,9970,9398376148632,9398376194050,93702356,93702910,45418,44728,44174,32400,44640,40202,772,44163,42882,43628,43528,43465,,,,,,1[1],8[8],224[224],768[768],TILE,BFLOAT16,DEV_1_DRAM_INTERLEAVED,1[1],1[1],32[1],768[768],TILE,BFLOAT16,DEV_1_DRAM_INTERLEAVED,1[1],8[8],224[224],768[768],TILE,BFLOAT16,DEV_1_DRAM_INTERLEAVED,,,['ttnn/cpp/ttnn/operations/eltwise/binary_ng/device/kernels_ng/compute/eltwise_binary_row_bcast.cpp'],['eltwise_binary_row_bcast/8680638463500506561/'],['ttnn/cpp/ttnn/operations/eltwise/binary_ng/device/kernels_ng/dataflow/reader_interleaved_row_bcast.cpp'; 'ttnn/cpp/ttnn/operations/eltwise/binary_ng/device/kernels_ng/dataflow/writer_interleaved_no_bcast.cpp'],['reader_interleaved_row_bcast/10685701610360740093/'; 'writer_interleaved_no_bcast/4720918955221599037/'],2892,4148,1952,888,2924,0,0,0,0,1,1,1,[],[],0.002,,,,,,,,,,,,,,,
Untilize,tt_dnn_device,15360,0,{'enough_space_height': 'true'; 'enough_space_width': 'true'; 'fp32_dest_acc_en': 'false'; 'output_mem_config': 'MemoryConfig(memory_layout=TensorMemoryLayout::INTERLEAVED;buffer_type=BufferType::DRAM;shard_spec=std::nullopt;nd_shard_spec=std::nullopt;created_with_nd_shard_spec=0)'; 'pf_type': '2'; 'sub_core_grids': 'std::nullopt'; 'use_multicore': 'true'; 'use_pack_untilize': 'true'},HiFi4,56,,80535899357,80535906267,6910,9398467372495,9398467415705,91179115,91179481,43210,42552,42186,24949,42498,35736,536,42180,31762,32275,32269,33040,,,,,,1[1],8[8],224[224],768[768],TILE,BFLOAT16,DEV_1_DRAM_INTERLEAVED,,,,,,,,1[1],8[8],224[224],768[768],ROW_MAJOR,BFLOAT16,DEV_1_DRAM_INTERLEAVED,,,['ttnn/cpp/ttnn/operations/data_movement/untilize/device/kernels/compute/pack_untilize_variable_num_blocks.cpp'],['pack_untilize_variable_num_blocks/6213853648468263887/'],['ttnn/cpp/ttnn/operations/data_movement/untilize/device/kernels/dataflow/writer_unary_stick_layout_split_rows_multi_core.cpp'; 'ttnn/cpp/ttnn/operations/data_movement/untilize/device/kernels/dataflow/reader_unary_start_id.cpp'],['writer_unary_stick_layout_split_rows_multi_core/12736894628218418484/'; 'reader_unary_start_id/2941874247746614049/'],2520,2204,1216,1108,3324,0,0,0,0,19822,19822,9935,[138.86146545410156],[138.86146545410156],46.583,,,,,,,,,,,,,,,
ReshapeDeviceOperation,tt_dnn_device,16384,0,{'logical_output_shape': 'Shape([21504; 64])'; 'output_mem_config': 'MemoryConfig(memory_layout=TensorMemoryLayout::INTERLEAVED;buffer_type=BufferType::DRAM;shard_spec=std::nullopt;nd_shard_spec=std::nullopt;created_with_nd_shard_spec=0)'; 'padded_output_shape': 'Shape([21504; 64])'; 'recreate_mapping_tensor': 'false'; 'sub_core_grid': 'std::nullopt'},,64,,80622899552,80622906952,7400,9398553113183,9398553216796,85698710,85698710,103613,102365,102365,93185,102275,97461,172,100821,102357,,,,,,,,,1[1],1[1],1792[1792],768[768],ROW_MAJOR,BFLOAT16,DEV_1_DRAM_INTERLEAVED,,,,,,,,1[1],1[1],21504[21504],64[64],ROW_MAJOR,BFLOAT16,DEV_1_DRAM_INTERLEAVED,,,[],[],['ttnn/cpp/ttnn/operations/data_movement/reshape_view/device/device/rm_reshape_interleaved.cpp'; 'ttnn/cpp/ttnn/operations/data_movement/reshape_view/device/device/rm_reshape_interleaved.cpp'],['rm_reshape_interleaved/7255166150921104525/'; 'rm_reshape_interleaved/8112680045356936627/'],4404,4532,0,0,0,0,0,0,0,1,1,1,[],[],0.001,,,,,,,,,,,,,,,
TilizeWithValPadding,tt_dnn_device,17408,0,{'enough_space_height': 'true'; 'enough_space_width': 'true'; 'output_dtype': 'DataType::BFLOAT16'; 'output_mem_config': 'MemoryConfig(memory_layout=TensorMemoryLayout::INTERLEAVED;buffer_type=BufferType::DRAM;shard_spec=std::nullopt;nd_shard_spec=std::nullopt;created_with_nd_shard_spec=0)'; 'output_padded_shape': 'Shape([8; 224; 32; 64])'; 'pad_value': '0'; 'sub_core_grids': 'std::nullopt'; 'use_multicore': 'true'},HiFi4,64,,80714072483,80714077703,5220,9398642963858,9398643238268,89747738,89748171,274410,273746,273313,261192,273659,269432,671,273257,271271,271678,262574,271633,,,,,,8[8],224[224],12[12],64[64],ROW_MAJOR,BFLOAT16,DEV_1_DRAM_INTERLEAVED,,,,,,,,8[8],224[224],32[12],64[64],TILE,BFLOAT16,DEV_1_DRAM_INTERLEAVED,,,['ttnn/cpp/ttnn/deprecated/tt_dnn/kernels/compute/tilize.cpp'],['tilize/3745748624103931373/'],['ttnn/cpp/ttnn/operations/eltwise/unary/device/kernels/dataflow/writer_unary_interleaved_start_id.cpp'; 'ttnn/cpp/ttnn/operations/data_movement/tilize_with_val_padding/device/kernels/dataflow/reader_unary_pad_dims_split_rows_multicore.cpp'],['writer_unary_interleaved_start_id/10403724142526214686/'; 'reader_unary_pad_dims_split_rows_multicore/10472733647114444138/'],2452,3076,1140,636,1492,0,0,0,0,105151,105151,26495,[26.176755905151367],[69.80467987060547],38.412,,,,,,,,,,,,,,,
TransposeDeviceOperation,tt_dnn_device,18432,0,{'dim': 'TransposeOpDim::HC'; 'output_mem_config': 'MemoryConfig(memory_layout=TensorMemoryLayout::INTERLEAVED;buffer_type=BufferType::DRAM;shard_spec=std::nullopt;nd_shard_spec=std::nullopt;created_with_nd_shard_spec=0)'; 'pad_value': '0'},,64,,80813775576,80813787146,11570,9398741211923,9398741395848,97974676,97974676,183925,182904,182904,175965,182804,179352,215,182893,177019,,,,,,,,,8[8],224[224],32[12],64[64],TILE,BFLOAT16,DEV_1_DRAM_INTERLEAVED,,,,,,,,8[8],12[12],224[224],64[64],TILE,BFLOAT16,DEV_1_DRAM_INTERLEAVED,,,[],[],['ttnn/cpp/ttnn/operations/data_movement/transpose/device/kernels/dataflow/writer_unary_transpose_hc_interleaved_tiled_padding_aware.cpp'; 'ttnn/cpp/ttnn/operations/data_movement/transpose/device/kernels/dataflow/reader_unary_transpose_hc_interleaved_tiled_padding_aware.cpp'],['writer_unary_transpose_hc_interleaved_tiled_padding_aware/15766892543516835310/'; 'reader_unary_transpose_hc_interleaved_tiled_padding_aware/3914810525391645875/'],2416,2436,0,0,0,0,0,0,0,35969,35969,26495,[204.0655059814453],[76.5245590209961],19.666,,,,,,,,,,,,,,,
Matmul,tt_dnn_device,19456,0,{'bcast_batch': '0'; 'compute_kernel_config': 'WormholeComputeKernelConfig(math_fidelity=HiFi2;math_approx_mode=0;fp32_dest_acc_en=0;packer_l1_acc=1;dst_full_sync_en=0;throttle_level=ThrottleLevel::NO_THROTTLE)'; 'global_cb': 'std::nullopt'; 'output_dtype': 'DataType::BFLOAT16'; 'output_mem_config': 'MemoryConfig(memory_layout=TensorMemoryLayout::INTERLEAVED;buffer_type=BufferType::DRAM;shard_spec=std::nullopt;nd_shard_spec=std::nullopt;created_with_nd_shard_spec=0)'; 'output_tile': 'Tile(tile_shape={32; 32};face_shape={16; 16};num_faces=4)'; 'program_config': 'std::nullopt'; 'sub_device_id': 'std::nullopt'; 'transpose_a': 'false'; 'transpose_b': 'false'; 'untilize_out': 'false'; 'user_core_coord': 'std::nullopt'; 'user_fused_activation': 'std::nullopt'; 'user_run_batched': 'true'},HiFi2,49,,85308309459,85308515777,206318,9403170587415,9403170938022,4429193902,4429193907,350607,348258,348253,345391,348137,346765,567,348245,344093,347017,347067,345952,,,,,,8[8],12[12],224[224],64[64],TILE,BFLOAT16,DEV_1_DRAM_INTERLEAVED,8[8],12[12],64[64],224[224],TILE,BFLOAT16,DEV_1_DRAM_INTERLEAVED,8[8],12[12],224[224],224[224],TILE,BFLOAT16,DEV_1_DRAM_INTERLEAVED,,,['ttnn/cpp/ttnn/operations/matmul/device/kernels/compute/bmm_large_block_zm_fused_bias_activation.cpp'],['bmm_large_block_zm_fused_bias_activation/13882628949522271214/'],['ttnn/cpp/ttnn/operations/matmul/device/kernels/dataflow/reader_bmm_tile_layout_in0_receiver.cpp'; 'ttnn/cpp/ttnn/operations/matmul/device/kernels/dataflow/reader_bmm_tile_layout_in1_receiver_writer_padding.cpp'; 'ttnn/cpp/ttnn/operations/matmul/device/kernels/dataflow/reader_bmm_tile_layout_in0_receiver.cpp'; 'ttnn/cpp/ttnn/operations/matmul/device/kernels/dataflow/reader_bmm_tile_layout_in1_receiver_writer_padding.cpp'; 'ttnn/cpp/ttnn/operations/matmul/device/kernels/dataflow/reader_bmm_tile_layout_in1_sender_writer_padding.cpp'; 'ttnn/cpp/ttnn/operations/matmul/device/kernels/dataflow/reader_bmm_tile_layout_in0_sender_padding.cpp'],['reader_bmm_tile_layout_in0_receiver/5774629527929529488/'; 'reader_bmm_tile_layout_in1_receiver_writer_padding/4948864362435899253/'; 'reader_bmm_tile_layout_in0_receiver/14560121386311242823/'; 'reader_bmm_tile_layout_in1_receiver_writer_padding/18429851402730090684/'; 'reader_bmm_tile_layout_in1_sender_writer_padding/15319685369081602153/'; 'reader_bmm_tile_layout_in0_sender_padding/1418906177483116233/'],4980,3444,2096,1400,1936,0,0,0,0,34775,4704,34775,[79.15203094482422; 79.15203094482422],[277.0321350097656],1.351,,,,,,,,,,,,,,,
BinaryNgDeviceOperation,tt_dnn_device,20480,0,{'binary_op_type': 'BinaryOpType::MUL'; 'compute_kernel_config': 'std::nullopt'; 'dtype': 'DataType::BFLOAT16'; 'input_dtype': 'DataType::BFLOAT16'; 'is_quant_op': 'false'; 'is_sfpu': 'false'; 'is_where_op': 'false'; 'lhs_activations': 'SmallVector([])'; 'memory_config': 'MemoryConfig(memory_layout=TensorMemoryLayout::INTERLEAVED;buffer_type=BufferType::DRAM;shard_spec=std::nullopt;nd_shard_spec=std::nullopt;created_with_nd_shard_spec=0)'; 'post_activations': 'SmallVector([])'; 'rhs_activations': 'SmallVector([])'; 'scalar': '0.125'; 'sub_core_grids': 'std::nullopt'; 'subtile_broadcast_type': 'SubtileBroadcastType::NONE'; 'worker_grid': '{[(x=0;y=0) - (x=7;y=7)]}'},HiFi4,64,,89380637925,89380837244,199319,9407183853805,9407183953174,4012916477,4012916863,99369,98685,98299,90972,98570,94608,603,98283,95967,96326,95839,97471,,,,,,8[8],12[12],224[224],224[224],TILE,BFLOAT16,DEV_1_DRAM_INTERLEAVED,,,,,,,,8[8],12[12],224[224],224[224],TILE,BFLOAT16,DEV_1_DRAM_INTERLEAVED,,,['ttnn/cpp/ttnn/operations/eltwise/binary_ng/device/kernels/compute/eltwise_binary_scalar.cpp'],['eltwise_binary_scalar/16448474356405769464/'],['ttnn/cpp/ttnn/operations/eltwise/binary_ng/device/kernels/dataflow/reader_interleaved_no_bcast.cpp'; 'ttnn/cpp/ttnn/operations/eltwise/binary_ng/device/kernels/dataflow/writer_interleaved_scalar.cpp'],['reader_interleaved_no_bcast/13251460643070561474/'; 'writer_interleaved_scalar/6927573553728882902/'],2468,2392,1176,672,1404,0,0,0,0,1,1,1,[],[],0.001,,,,,,,,,,,,,,,
BinaryNgDeviceOperation,tt_dnn_device,21504,0,{'binary_op_type': 'BinaryOpType::ADD'; 'compute_kernel_config': 'std::nullopt'; 'dtype': 'DataType::BFLOAT16'; 'input_dtype': 'DataType::BFLOAT16'; 'is_quant_op': 'false'; 'is_sfpu': 'false'; 'is_where_op': 'false'; 'lhs_activations': 'SmallVector([])'; 'memory_config': 'MemoryConfig(memory_layout=TensorMemoryLayout::INTERLEAVED;buffer_type=BufferType::DRAM;shard_spec=std::nullopt;nd_shard_spec=std::nullopt;created_with_nd_shard_spec=0)'; 'post_activations': 'SmallVector([])'; 'rhs_activations': 'SmallVector([])'; 'scalar': 'std::nullopt'; 'sub_core_grids': 'std::nullopt'; 'subtile_broadcast_type': 'SubtileBroadcastType::ROW_B'; 'worker_grid': '{[(x=0;y=0) - (x=7;y=7)]}'},HiFi4,64,,89499338517,89499353227,14710,9407300819871,9407300990894,116867363,116867927,171023,170350,169786,135625,170303,161457,780,169775,168675,169400,169327,169230,,,,,,1[1],8[8],224[224],768[768],TILE,BFLOAT16,DEV_1_DRAM_INTERLEAVED,1[1],1[1],32[1],768[768],TILE,BFLOAT16,DEV_1_DRAM_INTERLEAVED,1[1],8[8],224[224],768[768],TILE,BFLOAT16,DEV_1_DRAM_INTERLEAVED,,,['ttnn/cpp/ttnn/operations/eltwise/binary_ng/device/kernels_ng/compute/eltwise_binary_row_bcast.cpp'],['eltwise_binary_row_bcast/8680638463500506561/'],['ttnn/cpp/ttnn/operations/eltwise/binary_ng/device/kernels_ng/dataflow/reader_interleaved_row_bcast.cpp'; 'ttnn/cpp/ttnn/operations/eltwise/binary_ng/device/kernels_ng/dataflow/writer_interleaved_no_bcast.cpp'],['reader_interleaved_row_bcast/10685701610360740093/'; 'writer_interleaved_no_bcast/4720918955221599037/'],2892,4148,1952,888,2924,0,0,0,0,1,1,1,[],[],0.001,,,,,,,,,,,,,,,
SoftmaxDeviceOperation,tt_dnn_device,22528,0,{'compute_kernel_config': 'WormholeComputeKernelConfig(math_fidelity=HiFi4;math_approx_mode=1;fp32_dest_acc_en=0;packer_l1_acc=0;dst_full_sync_en=0;throttle_level=ThrottleLevel::NO_THROTTLE)'; 'dim': '3'; 'inplace': 'false'; 'is_causal_mask': 'false'; 'is_scale_causal_mask_hw_dims_softmax': 'false'; 'numeric_stable': 'true'; 'output_mem_config': 'MemoryConfig(memory_layout=TensorMemoryLayout::INTERLEAVED;buffer_type=BufferType::DRAM;shard_spec=std::nullopt;nd_shard_spec=std::nullopt;created_with_nd_shard_spec=0)'; 'program_config': 'SoftmaxDefaultProgramConfig()'; 'scale': 'std::nullopt'; 'softmax_type': 'SoftmaxOperationType::Softmax'},HiFi4,64,,93537411467,93537703505,292038,9411280343819,9411280456007,3979353608,3979354106,112188,111513,111015,96318,111430,104064,693,111015,100828,107013,108450,110030,,,,,,8[8],12[12],224[224],224[224],TILE,BFLOAT16,DEV_1_DRAM_INTERLEAVED,,,,,,,,8[8],12[12],224[224],224[224],TILE,BFLOAT16,DEV_1_DRAM_INTERLEAVED,,,['ttnn/cpp/ttnn/operations/normalization/softmax/device/kernels/attention/compute/softmax.cpp'],['softmax/5825612830878932417/'],['ttnn/cpp/ttnn/operations/normalization/softmax/device/kernels/attention/dataflow/writer_unary_interleaved_start_id_blocked_sm.cpp'; 'ttnn/cpp/ttnn/operations/normalization/softmax/device/kernels/attention/dataflow/reader_unary_interleaved_sm.cpp'],['writer_unary_interleaved_start_id_blocked_sm/6573116548476140042/'; 'reader_unary_interleaved_sm/14166177908233649178/'],2512,3180,4872,3920,3660,0,0,0,0,68262,68262,34775,[141.12965393066406],[141.12965393066406],61.214,,,,,,,,,,,,,,,
Matmul,tt_dnn_device,23552,0,{'bcast_batch': '0'; 'compute_kernel_config': 'WormholeComputeKernelConfig(math_fidelity=HiFi2;math_approx_mode=0;fp32_dest_acc_en=0;packer_l1_acc=1;dst_full_sync_en=0;throttle_level=ThrottleLevel::NO_THROTTLE)'; 'global_cb': 'std::nullopt'; 'output_dtype': 'DataType::BFLOAT16'; 'output_mem_config': 'MemoryConfig(memory_layout=TensorMemoryLayout::INTERLEAVED;buffer_type=BufferType::DRAM;shard_spec=std::nullopt;nd_shard_spec=std::nullopt;created_with_nd_shard_spec=0)'; 'output_tile': 'Tile(tile_shape={32; 32};face_shape={16; 16};num_faces=4)'; 'program_config': 'std::nullopt'; 'sub_device_id': 'std::nullopt'; 'transpose_a': 'false'; 'transpose_b': 'false'; 'untilize_out': 'false'; 'user_core_coord': 'std::nullopt'; 'user_fused_activation': 'std::nullopt'; 'user_run_batched': 'true'},HiFi2,14,,98175423243,98175640881,217638,9415851108338,9415851849169,4570653908,4570653977,740831,739240,739171,738540,739122,738899,606,739168,737392,738199,738248,738272,,,,,,8[8],12[12],224[224],224[224],TILE,BFLOAT16,DEV_1_DRAM_INTERLEAVED,8[8],12[12],224[224],64[64],TILE,BFLOAT16,DEV_1_DRAM_INTERLEAVED,8[8],12[12],224[224],64[64],TILE,BFLOAT16,DEV_1_DRAM_INTERLEAVED,,,['ttnn/cpp/ttnn/operations/matmul/device/kernels/compute/bmm_large_block_zm_fused_bias_activation.cpp'],['bmm_large_block_zm_fused_bias_activation/14293337091864473993/'],['ttnn/cpp/ttnn/operations/matmul/device/kernels/dataflow/reader_bmm_tile_layout_in0_receiver.cpp'; 'ttnn/cpp/ttnn/operations/matmul/device/kernels/dataflow/reader_bmm_tile_layout_in1_receiver_writer_padding.cpp'; 'ttnn/cpp/ttnn/operations/matmul/device/kernels/dataflow/reader_bmm_tile_layout_in1_sender_writer_padding.cpp'; 'ttnn/cpp/ttnn/operations/matmul/device/kernels/dataflow/reader_bmm_tile_layout_in0_sender_padding.cpp'],['reader_bmm_tile_layout_in0_receiver/14231386381452851799/'; 'reader_bmm_tile_layout_in1_receiver_writer_padding/4239225555335175627/'; 'reader_bmm_tile_layout_in1_sender_writer_padding/5427831304195438419/'; 'reader_bmm_tile_layout_in0_sender_padding/6367358842665057065/'],4980,3452,2216,1404,2348,0,0,0,0,34775,4704,34775,[277.0321350097656; 79.15203094482422],[79.15203094482422],0.636,,,,,,,,,,,,,,,
TransposeDeviceOperation,tt_dnn_device,24576,0,{'dim': 'TransposeOpDim::HC'; 'output_mem_config': 'MemoryConfig(memory_layout=TensorMemoryLayout::INTERLEAVED;buffer_type=BufferType::DRAM;shard_spec=std::nullopt;nd_shard_spec=std::nullopt;created_with_nd_shard_spec=0)'; 'pad_value': '0'},,64,,102245333169,102245519067,185898,9419861991370,9419862393727,4010143230,4010143230,402357,401330,401330,390650,401145,395195,226,401304,153384,,,,,,,,,8[8],12[12],224[224],64[64],TILE,BFLOAT16,DEV_1_DRAM_INTERLEAVED,,,,,,,,8[8],224[224],32[12],64[64],TILE,BFLOAT16,DEV_1_DRAM_INTERLEAVED,,,[],[],['ttnn/cpp/ttnn/operations/data_movement/transpose/device/kernels/dataflow/writer_unary_transpose_hc_interleaved_tiled_padding_aware.cpp'; 'ttnn/cpp/ttnn/operations/data_movement/transpose/device/kernels/dataflow/reader_unary_transpose_hc_interleaved_tiled_padding_aware.cpp'],['writer_unary_transpose_hc_interleaved_tiled_padding_aware/2164167786184084831/'; 'reader_unary_transpose_hc_interleaved_tiled_padding_aware/7467795195993525742/'],3080,2556,0,0,0,0,0,0,0,35969,35969,9935,[76.5245590209961],[204.0655059814453],8.962,,,,,,,,,,,,,,,
UntilizeWithUnpadding,tt_dnn_device,25600,0,{'enough_space_height': 'true'; 'enough_space_width': 'true'; 'fp32_dest_acc_en': 'false'; 'output_mem_config': 'MemoryConfig(memory_layout=TensorMemoryLayout::INTERLEAVED;buffer_type=BufferType::DRAM;shard_spec=std::nullopt;nd_shard_spec=std::nullopt;created_with_nd_shard_spec=0)'; 'output_tensor_end': 'Shape([7; 223; 11; 63])'; 'sub_core_grids': 'std::nullopt'; 'use_multicore': 'true'; 'use_pack_untilize': 'true'},HiFi4,64,,106398428400,106398676088,247688,9423954861811,9423955052082,4092468763,4092469148,190271,189605,189220,176870,189528,183450,567,189215,165621,165944,164562,183700,,,,,,8[8],224[224],32[12],64[64],TILE,BFLOAT16,DEV_1_DRAM_INTERLEAVED,,,,,,,,8[8],224[224],12[12],64[64],ROW_MAJOR,BFLOAT16,DEV_1_DRAM_INTERLEAVED,,,['ttnn/cpp/ttnn/operations/data_movement/untilize/device/kernels/compute/pack_untilize.cpp'],['pack_untilize/8951585515095855566/'],['ttnn/cpp/ttnn/operations/data_movement/untilize_with_unpadding/device/kernels/dataflow/writer_unary_stick_layout_split_rows_multicore.cpp'; 'ttnn/cpp/ttnn/operations/eltwise/unary/device/kernels/dataflow/reader_unary_interleaved_start_id.cpp'],['writer_unary_stick_layout_split_rows_multicore/3182111799247598992/'; 'reader_unary_interleaved_start_id/14157022821755409248/'],3152,2436,1156,636,3172,0,0,0,0,105151,105151,26495,[69.80467987060547],[26.176755905151367],55.458,,,,,,,,,,,,,,,
ReshapeDeviceOperation,tt_dnn_device,26624,0,{'logical_output_shape': 'Shape([1792; 768])'; 'output_mem_config': 'MemoryConfig(memory_layout=TensorMemoryLayout::INTERLEAVED;buffer_type=BufferType::DRAM;shard_spec=std::nullopt;nd_shard_spec=std::nullopt;created_with_nd_shard_spec=0)'; 'padded_output_shape': 'Shape([1792; 768])'; 'recreate_mapping_tensor': 'false'; 'sub_core_grid': 'std::nullopt'},,64,,110501444151,110501670899,226748,9427998375453,9427998537235,4043324593,4043324593,161782,160552,160552,141217,160474,152010,228,143353,160546,,,,,,,,,1[1],1[1],21504[21504],64[64],ROW_MAJOR,BFLOAT16,DEV_1_DRAM_INTERLEAVED,,,,,,,,1[1],1[1],1792[1792],768[768],ROW_MAJOR,BFLOAT16,DEV_1_DRAM_INTERLEAVED,,,[],[],['ttnn/cpp/ttnn/operations/data_movement/reshape_view/device/device/rm_reshape_interleaved.cpp'; 'ttnn/cpp/ttnn/operations/data_movement/reshape_view/device/device/rm_reshape_interleaved.cpp'],['rm_reshape_interleaved/6961749169089823782/'; 'rm_reshape_interleaved/13364271762391919629/'],4404,4532,0,0,0,0,0,0,0,1,1,1,[],[],0.001,,,,,,,,,,,,,,,
Tilize,tt_dnn_device,27648,0,{'enough_space_height': 'true'; 'enough_space_width': 'true'; 'output_dtype': 'DataType::BFLOAT16'; 'output_mem_config': 'MemoryConfig(memory_layout=TensorMemoryLayout::INTERLEAVED;buffer_type=BufferType::DRAM;shard_spec=std::nullopt;nd_shard_spec=std::nullopt;created_with_nd_shard_spec=0)'; 'sub_core_grids': 'std::nullopt'; 'use_low_perf': 'false'; 'use_multicore': 'true'},HiFi4,56,,114797342221,114797514430,172209,9432231981927,9432232024672,4233445361,4233445773,42745,42093,41681,30833,42041,37483,618,41662,18247,20164,20235,20291,,,,,,1[1],8[8],224[224],768[768],ROW_MAJOR,BFLOAT16,DEV_1_DRAM_INTERLEAVED,,,,,,,,1[1],8[8],224[224],768[768],TILE,BFLOAT16,DEV_1_DRAM_INTERLEAVED,,,['ttnn/cpp/ttnn/deprecated/tt_dnn/kernels/compute/tilize.cpp'],['tilize/7306503189980630669/'],['ttnn/cpp/ttnn/operations/eltwise/unary/device/kernels/dataflow/writer_unary_interleaved_start_id.cpp'; 'ttnn/cpp/ttnn/operations/data_movement/tilize/device/kernels/dataflow/reader_unary_stick_layout_split_rows_interleaved.cpp'],['writer_unary_interleaved_start_id/10403724142526214686/'; 'reader_unary_stick_layout_split_rows_interleaved/18220748570480365000/'],2452,2628,1124,616,1368,0,0,0,0,19822,19822,9935,[138.86146545410156],[138.86146545410156],47.091,,,,,,,,,,,,,,,
Matmul,tt_dnn_device,28672,0,{'bcast_batch': '1'; 'compute_kernel_config': 'WormholeComputeKernelConfig(math_fidelity=HiFi2;math_approx_mode=0;fp32_dest_acc_en=0;packer_l1_acc=1;dst_full_sync_en=0;throttle_level=ThrottleLevel::NO_THROTTLE)'; 'global_cb': 'std::nullopt'; 'output_dtype': 'DataType::BFLOAT16'; 'output_mem_config': 'MemoryConfig(memory_layout=TensorMemoryLayout::INTERLEAVED;buffer_type=BufferType::DRAM;shard_spec=std::nullopt;nd_shard_spec=std::nullopt;created_with_nd_shard_spec=0)'; 'output_tile': 'Tile(tile_shape={32; 32};face_shape={16; 16};num_faces=4)'; 'program_config': 'std::nullopt'; 'sub_device_id': 'std::nullopt'; 'transpose_a': 'false'; 'transpose_b': 'false'; 'untilize_out': 'false'; 'user_core_coord': 'std::nullopt'; 'user_fused_activation': 'std::nullopt'; 'user_run_batched': 'false'},HiFi2,24,,114909041768,114909051088,9320,9432342063369,9432342476170,110040086,110040090,412801,411389,411385,403596,411364,407503,490,411353,400463,400967,401514,401657,,,,,,1[1],8[8],224[224],768[768],TILE,BFLOAT16,DEV_1_DRAM_INTERLEAVED,1[1],1[1],768[768],768[768],TILE,BFLOAT16,DEV_1_DRAM_INTERLEAVED,1[1],8[8],224[224],768[768],TILE,BFLOAT16,DEV_1_DRAM_INTERLEAVED,,,['ttnn/cpp/ttnn/operations/matmul/device/kernels/compute/bmm_large_block_zm_fused_bias_activation.cpp'],['bmm_large_block_zm_fused_bias_activation/17307000190065207660/'],['ttnn/cpp/ttnn/operations/matmul/device/kernels/dataflow/reader_bmm_tile_layout_in1_sender_writer_padding.cpp'; 'ttnn/cpp/ttnn/operations/matmul/device/kernels/dataflow/reader_bmm_tile_layout_in0_receiver.cpp'; 'ttnn/cpp/ttnn/operations/matmul/device/kernels/dataflow/reader_bmm_tile_layout_in0_sender_padding.cpp'],['reader_bmm_tile_layout_in1_sender_writer_padding/15496700389977135959/'; 'reader_bmm_tile_layout_in0_receiver/16332755182888053066/'; 'reader_bmm_tile_layout_in0_sender_padding/1353852039015946816/'],4468,3840,2396,1740,3292,0,0,0,0,16128,16128,9935,[170.6666717529297; 73.14286041259766],[170.6666717529297],3.92,,,,,,,,,,,,,,,
BinaryNgDeviceOperation,tt_dnn_device,29696,0,{'binary_op_type': 'BinaryOpType::ADD'; 'compute_kernel_config': 'std::nullopt'; 'dtype': 'DataType::BFLOAT16'; 'input_dtype': 'DataType::BFLOAT16'; 'is_quant_op': 'false'; 'is_sfpu': 'false'; 'is_where_op': 'false'; 'lhs_activations': 'SmallVector([])'; 'memory_config': 'MemoryConfig(memory_layout=TensorMemoryLayout::INTERLEAVED;buffer_type=BufferType::DRAM;shard_spec=std::nullopt;nd_shard_spec=std::nullopt;created_with_nd_shard_spec=0)'; 'post_activations': 'SmallVector([])'; 'rhs_activations': 'SmallVector([])'; 'scalar': 'std::nullopt'; 'sub_core_grids': 'std::nullopt'; 'subtile_broadcast_type': 'SubtileBroadcastType::ROW_B'; 'worker_grid': '{[(x=0;y=0) - (x=7;y=7)]}'},HiFi4,64,,115008510963,115008535763,24800,9432440087918,9432440134350,97612433,97612995,46432,45753,45191,34712,45708,41234,770,45180,44067,44797,44718,44627,,,,,,1[1],8[8],224[224],768[768],TILE,BFLOAT16,DEV_1_DRAM_INTERLEAVED,1[1],1[1],32[1],768[768],TILE,BFLOAT16,DEV_1_DRAM_INTERLEAVED,1[1],8[8],224[224],768[768],TILE,BFLOAT16,DEV_1_DRAM_INTERLEAVED,,,['ttnn/cpp/ttnn/operations/eltwise/binary_ng/device/kernels_ng/compute/eltwise_binary_row_bcast.cpp'],['eltwise_binary_row_bcast/8680638463500506561/'],['ttnn/cpp/ttnn/operations/eltwise/binary_ng/device/kernels_ng/dataflow/reader_interleaved_row_bcast.cpp'; 'ttnn/cpp/ttnn/operations/eltwise/binary_ng/device/kernels_ng/dataflow/writer_interleaved_no_bcast.cpp'],['reader_interleaved_row_bcast/10685701610360740093/'; 'writer_interleaved_no_bcast/4720918955221599037/'],2892,4148,1952,888,2924,0,0,0,0,1,1,1,[],[],0.002,,,,,,,,,,,,,,,
